items,fitness,time[s]
50,0,2.30917
100,0,3.3825
250,0,7.95988
500,0,12.8173
1000,0,27.5611
